{"mse": [0.3906154554076646, 0.10928884749549897, 4.132222493489583, 3.6741664556809415, 1195.137135195634, 3.01092730235661, 1189.3918625317483, 803.6542408633134, 4.04255054615162, 14.40076386879501, 1.7662951308513375, 4.308680907198431, 1.8994318958172582, 2605.7336827658823, 1191.3543465068801], "rmse": [0.6249923642794883, 0.3305886378802196, 2.0327868785215983, 1.916811533688417, 34.57075549066919, 1.7352023808065185, 34.487560982646315, 28.34879610959367, 2.010609496185577, 3.794833839418402, 1.329020365100301, 2.0757362325686834, 1.3781987867565615, 51.04638755843436, 34.51600131108585], "ssim": [[0.9998506993438807, 0.9998581058367573], [0.9998362012763216, 0.9998380892663545], [0.998531051286949, 0.9985742683491654], [0.9989331016222781, 0.9989746996127532], [0.9012393983460946, 0.9020518469938034], [0.999127656226533, 0.999171670871042], [0.9053668649716836, 0.906428761631746], [0.9304196974157842, 0.9318459136387895], [0.9988378661724677, 0.9988842631603067], [0.9974064657563446, 0.9977236253438171], [0.9995461823113918, 0.999596520548608], [0.9985268216645607, 0.9985786582476686], [0.9993114087810459, 0.9993547467516664], [0.8757169454125343, 0.8925321255609313], [0.8904525385840609, 0.8924806967201071]]}