{"mse": [371.3743564935378, 434.2161141854745, 377.18439022111306, 335.64103114752123, 343.9570684236754, 398.6187957638085, 412.1871639298804, 403.0320512434092, 407.2287401740934, 405.26978393052343, 399.023768044303, 399.023768044303, 369.30863896122685, 372.7262648594232, 386.3723245000643, 612.8370567290381, 556.973052350582, 575.1914843649531, 718.9377371077675, 565.2057289154932, 1269.3505653412744, 598.9873318142361, 705.8671008451486, 690.2369505328896, 355.2963608478813, 407.2426363470133, 349.6252978917503, 386.15633338959617, 839.2154264724794, 321.21888864776236, 389.6470831725823, 357.0401583699042, 358.12881658106676], "rmse": [19.27107564443505, 20.837852916878806, 19.421235548262963, 18.320508484960815, 18.546079597146008, 19.965440034314508, 20.30239305919084, 20.07565817709121, 20.179909320264386, 20.131313517267657, 19.97557929183289, 19.97557929183289, 19.21740458441844, 19.306119880996885, 19.656355829605452, 24.755545979215203, 23.600276531231195, 23.98315000922425, 26.813014323417043, 23.774055794405236, 35.627946409262414, 24.474217695653444, 26.568159530632688, 26.272360962290573, 18.849306641038055, 20.18025362444717, 18.698269917073887, 19.650860881640686, 28.969215151130335, 17.92258041264601, 19.739480316679625, 18.895506300967543, 18.924291706192513], "ssim": [[0.9724447833779476, 0.9724617350227834], [0.9680650935926617, 0.9680886230925506], [0.9719045437126577, 0.9719243099934672], [0.9748796157629418, 0.9748975839747772], [0.9746458667446636, 0.9746649246280328], [0.9703592784156525, 0.9703928989319457], [0.969426984543339, 0.9694654326277466], [0.9706034047670465, 0.9706324547830936], [0.9704554464794581, 0.9704840783574662], [0.9708136978214352, 0.9708435111189451], [0.9705053136034386, 0.9705251004545049], [0.9705053136034386, 0.9705251004545049], [0.9726447028495394, 0.9726909113442904], [0.9732402983402689, 0.9732685773666316], [0.9720180091493269, 0.9721324116820503], [0.9640734910991589, 0.9641397000080595], [0.9680719985471368, 0.9681294918168191], [0.966332309768704, 0.9664089648019241], [0.9619263853592697, 0.9638060859106156], [0.9670792442343348, 0.9671503345866688], [0.9505795030451021, 0.9593135362336016], [0.9648910036190046, 0.9650036600859461], [0.9619263946901456, 0.9656203990673369], [0.9627066707152384, 0.9666760680977686], [0.9728340744946062, 0.9728901028288583], [0.9693760462316279, 0.9694376879783814], [0.9734658783935976, 0.9735184359859196], [0.9707314144216888, 0.9707896896719675], [0.9569746039605128, 0.9621628722297106], [0.9754991378684121, 0.9755555655122933], [0.9704413388655029, 0.9705084776176218], [0.9729227185859028, 0.972967157322761], [0.9727118606947324, 0.9727663916585331]]}