{"mse": [0.0, 245.3955525213799, 34.917429982880016, 0.0, 0.0, 93.42363823784723, 0.0, 0.0, 0.0, 267.3633056138278, 0.0, 0.0, 0.0, 0.0, 0.0, 0.0, 3.8629172996238426, 0.0, 293.5443918989519, 73.47972829057356, 1046.2294952015818, 0.0, 985.4873845606675, 1186.5535597310636, 0.0, 3.806932990933642, 3.806932990933642, 3.806932990933642, 1039.585523063754, 15.45166919849537, 0.0, 0.0, 3.8629172996238426], "rmse": [0.0, 15.66510620842961, 5.909097222324237, 0.0, 0.0, 9.665590423654793, 0.0, 0.0, 0.0, 16.351247830481555, 0.0, 0.0, 0.0, 0.0, 0.0, 0.0, 1.9654305634195888, 0.0, 17.133137246253295, 8.57203174810812, 32.34547101529953, 0.0, 31.392473374372198, 34.44638674420096, 0.0, 1.9511363332513805, 1.9511363332513805, 1.9511363332513805, 32.242604160702555, 3.9308611268391775, 0.0, 0.0, 1.9654305634195888], "ssim": [[1.0, 1.0], [0.9828225132400444, 0.9828516584783495], [0.9970452411625828, 0.997054157778495], [1.0, 1.0], [1.0, 1.0], [0.9930079415383601, 0.9930278638942013], [1.0, 1.0], [1.0, 1.0], [1.0, 1.0], [0.9817314077035947, 0.9817682305919553], [1.0, 1.0], [1.0, 1.0], [1.0, 1.0], [1.0, 1.0], [1.0, 1.0], [1.0, 1.0], [0.9995725891054347, 0.9995784834905741], [1.0, 1.0], [0.9906722218737691, 0.9940059838576311], [0.9937713970056795, 0.9938022940641928], [0.9532924383841334, 0.961232056036571], [1.0, 1.0], [0.9525955262838817, 0.9591490567635983], [0.9498717692921206, 0.9596304167617751], [1.0, 1.0], [0.9994850813273203, 0.9994928920691588], [0.9994850813273203, 0.9994928920691588], [0.9994850813273203, 0.9994928920691588], [0.9540232959987026, 0.962072836137047], [0.9984226890662571, 0.9984541697083513], [1.0, 1.0], [1.0, 1.0], [0.9994777980495286, 0.9994857274955484]]}