{"mse": [0.0, 0.007694950810185185, 0.0022876880787037037, 0.0022876880787037037, 2.0395028071148404, 2.0395028071148404, 1.8048773871527777, 1.757129308127572, 1.6749574009773662, 1.3384477277842077, 0.0, 0.07422276877572016, 0.0, 0.3448350694444444, 0.3357124485596708], "rmse": [0.0, 0.08772086872680403, 0.04782978234012469, 0.04782978234012469, 1.4281116227784298, 1.4281116227784298, 1.3434572517027765, 1.3255675418957618, 1.2942014530116115, 1.1569130165160246, 0.0, 0.2724385596344984, 0.0, 0.5872265912273085, 0.579406980075034], "ssim": [[1.0, 1.0], [0.9999991300958958, 0.9999992873039215], [0.9999996429902887, 0.999999759162714], [0.9999996429902887, 0.999999759162714], [0.9996752990287001, 0.9996855760215934], [0.9996752990287001, 0.9996855760215934], [0.9997709980107814, 0.9997842198028541], [0.9997633636468473, 0.9997748518786046], [0.9997655796219231, 0.9997764967793881], [0.9997643540005653, 0.9997731639364724], [1.0, 1.0], [0.9999636352641816, 0.9999655447063039], [1.0, 1.0], [0.9998622295491623, 0.9998676155540137], [0.9998907825899785, 0.9998959981516142]]}