{"mse": [0.0, 0.0038150740258487653, 0.0061773606288580245, 0.0061773606288580245, 0.2838179976851852, 0.2838179976851852, 0.006580745241769547, 0.006499616206918724, 0.009127644354423868, 0.00251977237654321, 0.0, 0.00956493738747428, 0.0, 0.012068634661136831, 0.012115604102366255], "rmse": [0.0, 0.0617662855111813, 0.07859618711399444, 0.07859618711399444, 0.5327457157830414, 0.5327457157830414, 0.08112179264395941, 0.08062019726420126, 0.09553870605374487, 0.05019733435694778, 0.0, 0.09780049788970545, 0.0, 0.10985733776647252, 0.11007090488574288], "ssim": [[1.0, 1.0], [0.9999993808153534, 0.9999995281779429], [0.9999960781508699, 0.9999964382371348], [0.9999960781508699, 0.9999964382371348], [0.9999804165798292, 0.9999867496322451], [0.9999804165798292, 0.9999867496322451], [0.9999947660183919, 0.9999953387781966], [0.9999942548147982, 0.9999947784262551], [0.9999942924183539, 0.9999946930070324], [0.9999989287648916, 0.9999992241934281], [1.0, 1.0], [0.9999937369258666, 0.9999941767559877], [1.0, 1.0], [0.9999918519657711, 0.9999924359683698], [0.999992403819836, 0.9999929853661129]]}