{"mse": [0.0, 0.0, 0.0005123939043209877, 0.0005123939043209877, 2.12817684220679, 2.12817684220679, 1.7046064211998457, 1.8335262345679013, 1.7477816358024691, 1.3966411072530864, 0.0, 1.8335262345679013, 0.0, 1.7046064211998457, 1.8335262345679013], "rmse": [0.0, 0.0, 0.022636119462509197, 0.022636119462509197, 1.4588272146511354, 1.4588272146511354, 1.3056057679099942, 1.354077632400706, 1.322036926792315, 1.1817957129948842, 0.0, 1.354077632400706, 0.0, 1.3056057679099942, 1.354077632400706], "ssim": [[1.0, 1.0], [1.0, 1.0], [0.9999997342177593, 0.9999997460082711], [0.9999997342177593, 0.9999997460082711], [0.9996267839276831, 0.9996376861556007], [0.9996267839276831, 0.9996376861556007], [0.9996528440323982, 0.9996598921058859], [0.9996676607332482, 0.9996764708563354], [0.9996706002579632, 0.9996789773580725], [0.9996517977191584, 0.9996587403568292], [1.0, 1.0], [0.9996676607332482, 0.9996764708563354], [1.0, 1.0], [0.9996528440323982, 0.9996598921058859], [0.9996676607332482, 0.9996764708563354]]}