{"mse": [0.0, 252.5175723480099, 1.2876390998746141, 0.0, 0.0, 5.1505563994984565, 0.0, 0.0, 0.0, 25.752781997492285, 0.0, 0.0, 0.0, 0.0, 0.0, 0.0, 3.806932990933642, 0.0, 807.3257094646187, 8.882843645511832, 1174.0872006514435, 0.0, 363.1142261646412, 1181.4359859262474, 0.0, 95.22223025977367, 3.806932990933642, 3.806932990933642, 1094.68545168025, 15.45166919849537, 0.0, 0.0, 5.1505563994984565], "rmse": [0.0, 15.890801501120386, 1.1347418648638175, 0.0, 0.0, 2.269483729727635, 0.0, 0.0, 0.0, 5.0747198935007525, 0.0, 0.0, 0.0, 0.0, 0.0, 0.0, 1.9511363332513805, 0.0, 28.413477602444562, 2.980409979434345, 34.264955868225535, 0.0, 19.055556306879136, 34.37202330277122, 0.0, 9.75818785737258, 1.9511363332513805, 1.9511363332513805, 33.086031065696744, 3.9308611268391775, 0.0, 0.0, 2.269483729727635], "ssim": [[1.0, 1.0], [0.9822303731678863, 0.9822608917063255], [0.9997824343925665, 0.9997846184983438], [1.0, 1.0], [1.0, 1.0], [0.9993621868708984, 0.9993713902409065], [1.0, 1.0], [1.0, 1.0], [1.0, 1.0], [0.9985887461903799, 0.9987519019588331], [1.0, 1.0], [1.0, 1.0], [1.0, 1.0], [1.0, 1.0], [1.0, 1.0], [1.0, 1.0], [0.9994850813273203, 0.9994928920691588], [1.0, 1.0], [0.9583566099318158, 0.963063417164042], [0.9991078601522299, 0.9991150495301881], [0.949987147409456, 0.9596350035392367], [1.0, 1.0], [0.990506254941717, 0.9948423369379595], [0.9525403862183446, 0.9629663604271337], [1.0, 1.0], [0.9924373211566809, 0.9924715099410969], [0.9994850813273202, 0.9994928920691588], [0.9994850813273202, 0.9994928920691588], [0.9525414312591247, 0.9612531872202339], [0.9988355398162934, 0.9988712779900047], [1.0, 1.0], [1.0, 1.0], [0.9993621868708984, 0.9993713902409064]]}