{"mse": [0.0, 252.5175723480099, 0.0, 0.0, 0.0, 5.1505563994984565, 0.0, 0.0, 0.0, 348.6508688593107, 0.0, 0.0, 0.0, 0.0, 0.0, 0.0, 69.98203255610211, 0.0, 745.3578076774692, 10.301112798996913, 1174.0872006514435, 0.0, 586.0713443206662, 1181.4359859262474, 0.0, 3.806932990933642, 3.806932990933642, 3.806932990933642, 427.49618115837194, 265.54303380393196, 0.0, 0.0, 89.19081624348958], "rmse": [0.0, 15.890801501120386, 0.0, 0.0, 0.0, 2.269483729727635, 0.0, 0.0, 0.0, 18.672195073405558, 0.0, 0.0, 0.0, 0.0, 0.0, 0.0, 8.365526436280152, 0.0, 27.301241870608546, 3.209534670165897, 34.264955868225535, 0.0, 24.208910432331855, 34.37202330277122, 0.0, 1.9511363332513805, 1.9511363332513805, 1.9511363332513805, 20.67598077863229, 16.295491210881984, 0.0, 0.0, 9.444088957834397], "ssim": [[1.0, 1.0], [0.9822303731678863, 0.9822608917063255], [1.0, 1.0], [1.0, 1.0], [1.0, 1.0], [0.9993621868708984, 0.9993713902409065], [1.0, 1.0], [1.0, 1.0], [1.0, 1.0], [0.9760090542386525, 0.9760542525303011], [1.0, 1.0], [1.0, 1.0], [1.0, 1.0], [1.0, 1.0], [1.0, 1.0], [1.0, 1.0], [0.994582325745882, 0.9946079503590893], [1.0, 1.0], [0.9641526267690939, 0.9692632211992543], [0.9990238549271717, 0.99902964331314], [0.949987147409456, 0.9596350035392367], [1.0, 1.0], [0.97308007540042, 0.9773339484678762], [0.9525403862183446, 0.9629663604271337], [1.0, 1.0], [0.9994850813273203, 0.9994928920691588], [0.9994850813273203, 0.9994928920691588], [0.9994850813273203, 0.9994928920691588], [0.9889637947797585, 0.9940962367431362], [0.9810717959607684, 0.9811377576142043], [1.0, 1.0], [1.0, 1.0], [0.9923620577109115, 0.9924043242314053]]}