{"mse": [0.0, 252.5175723480099, 34.917429982880016, 0.0, 0.0, 118.75486020688658, 0.0, 0.0, 0.0, 348.6508688593107, 0.0, 0.0, 0.0, 0.0, 0.0, 0.0, 69.98203255610211, 0.0, 807.3257094646187, 8.882843645511832, 1257.9140381361722, 0.0, 1050.4764776033628, 1181.4359859262474, 0.0, 95.22223025977367, 3.806932990933642, 3.806932990933642, 1094.68545168025, 15.45166919849537, 0.0, 0.0, 89.19081624348958], "rmse": [0.0, 15.890801501120386, 5.909097222324237, 0.0, 0.0, 10.897470358155905, 0.0, 0.0, 0.0, 18.672195073405558, 0.0, 0.0, 0.0, 0.0, 0.0, 0.0, 8.365526436280152, 0.0, 28.413477602444562, 2.980409979434345, 35.46708386851352, 0.0, 32.41105486718016, 34.37202330277122, 0.0, 9.75818785737258, 1.9511363332513805, 1.9511363332513805, 33.086031065696744, 3.9308611268391775, 0.0, 0.0, 9.444088957834397], "ssim": [[1.0, 1.0], [0.9822303731678863, 0.9822608917063255], [0.9970452411625828, 0.997054157778495], [1.0, 1.0], [1.0, 1.0], [0.9913784966235689, 0.9914014627694159], [1.0, 1.0], [1.0, 1.0], [1.0, 1.0], [0.9760090542386525, 0.9760542525303011], [1.0, 1.0], [1.0, 1.0], [1.0, 1.0], [1.0, 1.0], [1.0, 1.0], [1.0, 1.0], [0.994582325745882, 0.9946079503590893], [1.0, 1.0], [0.9583566099318158, 0.963063417164042], [0.9991078601522299, 0.9991150495301881], [0.9478570790562713, 0.9583796507307734], [1.0, 1.0], [0.9503689875007099, 0.9575361424080671], [0.9525403862183446, 0.9629663604271337], [1.0, 1.0], [0.9924373211566809, 0.9924715099410969], [0.9994850813273202, 0.9994928920691588], [0.9994850813273202, 0.9994928920691588], [0.9525414312591247, 0.9612531872202339], [0.9988355398162934, 0.9988712779900047], [1.0, 1.0], [1.0, 1.0], [0.9923620577109115, 0.9924043242314053]]}