{"mse": [0.08273579161844136, 0.29813111858603397, 0.5187661755722737, 0.5187661755722737, 0.5337825822241512, 0.5337825822241512, 0.6385879830568416, 0.6389436447080762, 0.7743608137217078, 0.6984340840406379, 0.8587885099183384, 0.7307812098122428, 0.6623520085841049, 0.7941349484792952, 0.7946734644257973], "rmse": [0.28763829998531376, 0.5460138446834787, 0.7202542437030647, 0.7202542437030647, 0.7306042582849838, 0.7306042582849838, 0.7991170021072268, 0.7993395052842541, 0.8799777347874819, 0.8357236888114623, 0.9267084276720151, 0.8548574207505266, 0.8138501143233347, 0.8911424961695493, 0.8914445941424499], "ssim": [[0.9999900148007003, 0.99999575824377], [0.9999631249328532, 0.9999774291795496], [0.999871255770812, 0.9999038402167234], [0.999871255770812, 0.9999038402167234], [0.9998588616960834, 0.9998973115787437], [0.9998588616960834, 0.9998973115787437], [0.9998064852081007, 0.9998519577711007], [0.999804442158764, 0.9998489474009123], [0.9998150586294086, 0.9998678901518876], [0.9997559128383444, 0.9997944832213939], [0.9997243840046763, 0.9997828035454153], [0.999720327633011, 0.9997750028215687], [0.9997602439075062, 0.9997979228996958], [0.9998056320799064, 0.9998506318930058], [0.9997859140840013, 0.9998302203255759]]}