{"mse": [469.544971858523, 460.2592225879308, 475.54386996045525, 456.34615624196243, 456.2529939879115, 408.28014006438076, 438.4403706617316, 433.01766025872877, 429.86762152777777, 410.7154239607446, 374.9218511385192, 374.9218511385192, 615.285098982446, 535.1991855951003, 571.6733225127797, 485.43052415887024, 439.85708128375774, 545.3183799712256, 442.2041359732671, 455.6358393916377, 377.7941487630208, 639.3638592001832, 391.9705705054012, 353.79503138663836, 364.3958637253247, 514.4134290404771, 410.7197263113265, 410.7197263113265, 531.04566836259, 476.2709084342046, 431.86596855508935, 390.1506581247589, 416.8082511493699], "rmse": [21.66898640588717, 21.45365289613708, 21.806968380782674, 21.362260092086757, 21.360079447134822, 20.205943186705756, 20.93896775540121, 20.809076391294468, 20.73324917922364, 20.266115166966376, 19.36289883097361, 19.36289883097361, 24.804941019531693, 23.134372383859915, 23.909690974849084, 22.032487924854745, 20.972769995490765, 23.352053014054793, 21.028650360241077, 21.345628109559993, 19.436927451709565, 25.2856453190379, 19.79824665230235, 18.80943995409322, 19.08915565773732, 22.68068405142308, 20.26622131309452, 20.26622131309452, 23.04442814136619, 21.823631880010364, 20.78138514524692, 19.75223172516865, 20.415882326007118], "ssim": [[0.964198942277625, 0.9642353504531062], [0.9651995175341118, 0.9652285289328626], [0.9638278579975148, 0.9638860544715577], [0.9664808503303762, 0.9665171795286028], [0.9682808866213044, 0.968504328931045], [0.9703463534187781, 0.9705685641693489], [0.9669707648536459, 0.9670263190143402], [0.9708464634384237, 0.971277044164067], [0.9688111089065884, 0.9689596805017671], [0.9696622124369279, 0.9696850542118549], [0.9723412053408822, 0.9724251833854783], [0.9723412053408822, 0.9724251833854783], [0.965974831321086, 0.9667371516780541], [0.9694632050440158, 0.969527191209753], [0.9680642498941365, 0.9684734728215527], [0.9660167583156128, 0.9664729357530515], [0.9694482590539992, 0.9700344618403315], [0.9686411091152635, 0.9707474767877047], [0.9698091108160902, 0.970599909075877], [0.9680760836506571, 0.9687557655029213], [0.9764729301296571, 0.9776977823998568], [0.9635269314900188, 0.9662551723215629], [0.971225751598639, 0.9717774831839203], [0.9778312003532468, 0.9789962592618976], [0.9743823184260823, 0.9751086556888979], [0.9657285340479693, 0.9671813466769886], [0.9717696919556584, 0.9727010889315011], [0.9717696919556584, 0.9727010889315011], [0.965322875219315, 0.9669056997974084], [0.9690315352101079, 0.9704656004950932], [0.9700102250483357, 0.9709446500662875], [0.9715955228817634, 0.9722563218827809], [0.9715514892628512, 0.9725821852546055]]}