{"mse": [1370.5773335523565, 822.1540524832016, 2567.868249461484, 3022.5389145588188, 1551.7381534026974, 1514.513434516059, 0.0, 2359.7362336837705, 2698.4731420195153, 4071.917416921859, 4071.917416921859, 0.0, 3751.7418263125323, 4297.844216177984, 2702.757777586886, 2832.1496685012376, 0.0, 2294.956181027762, 2194.355291923868, 0.0, 0.0, 1758.3398753978588, 0.0, 916.8737878367734, 1478.7510112244406, 1338.31663632491, 1352.3236342693062, 0.0, 2420.8625689220034, 1728.184713983732, 973.3420847198109, 0.0], "rmse": [37.021309182042124, 28.673228846490268, 50.67413787585817, 54.97762194346731, 39.39210775526866, 38.91675005079508, 0.0, 48.577116358258344, 51.946829951591035, 63.81157745207259, 63.81157745207259, 0.0, 61.25146387077236, 65.55794548472355, 51.988054181579884, 53.21794498570231, 0.0, 47.90570092408378, 46.84394616088474, 0.0, 0.0, 41.93256342507406, 0.0, 30.279923841330472, 38.45453173846277, 36.583010214099524, 36.773953204262746, 0.0, 49.20226182729818, 41.571441086204025, 31.198430805407682, 0.0], "ssim": [[0.9326487779231207, 0.9413434093884345], [0.9464693885706312, 0.9480374286371055], [0.9037222481177606, 0.9250463058712453], [0.890846641044238, 0.9171852006263717], [0.9385143154396411, 0.9499310219636211], [0.9272688615118712, 0.9339078749902054], [1.0, 1.0], [0.9072872801006745, 0.9256138542654789], [0.8967781944779204, 0.9180590682297638], [0.8643241884393766, 0.903541475732726], [0.8643241884393766, 0.903541475732726], [1.0, 1.0], [0.875293558063667, 0.9104766649822854], [0.8621884824523981, 0.9047061802331084], [0.9035678032086519, 0.9295571941488251], [0.8970876179266738, 0.9225870128705065], [1.0, 1.0], [0.9088793281125565, 0.9289407216421774], [0.9113517072094983, 0.9302962514155424], [1.0, 1.0], [1.0, 1.0], [0.9224869990754089, 0.9355936830202021], [1.0, 1.0], [0.9475302904296165, 0.9508528761595156], [0.9303536653433846, 0.9398847131979713], [0.9374220388484287, 0.9458139922610977], [0.9367933450453731, 0.9451870108640569], [1.0, 1.0], [0.9089262858148404, 0.9303515930572304], [0.9268803497026146, 0.9398875374210086], [0.9463503571467147, 0.9507278475354447], [1.0, 1.0]]}