{"mse": [742.2349893703382, 1341.3839809590406, 1464.7257333763343, 2593.002815654739, 3362.561702021846, 1857.0924891091179, 1380.150325068721, 2322.67276139122, 2226.1898246105807, 2676.6688923148954, 4681.697910136156, 4675.0046848877955, 590.7377984945666, 4281.446531444911, 4018.5584134074397, 2797.784844794882, 3371.7366777584875, 617.7421267160172, 2259.3399768719455, 1280.5154494297358, 362.97181130240483, 915.7990190168467, 1882.356351624791, 394.13794899771733, 1299.5046539934574, 1610.92848086259, 1536.753023375209, 1526.7121345928176, 417.6789364912873, 2346.4696863747427, 2015.830035425508, 1441.1875113028068, 2290.4268919391398], "rmse": [27.243989967887195, 36.62490929625684, 38.27173543721704, 50.92153587289703, 57.98759955388606, 43.09399597518334, 37.15037449432672, 48.194115422852406, 47.182516090291124, 51.736533439291186, 68.42293409476208, 68.37400591517068, 24.305098199648704, 65.43276344038138, 63.392100559986496, 52.89409083059167, 58.06665719462838, 24.854418655764555, 47.532514943688234, 35.78429053970102, 19.05181910743446, 30.262171419394985, 43.38613086718832, 19.85290782222386, 36.04864288698615, 40.13637353900561, 39.20144159817607, 39.073163867196854, 20.437194927173525, 48.4403724838563, 44.897995895423975, 37.96297553278466, 47.8584046113025], "ssim": [[0.946450734573672, 0.9473523852058703], [0.9327022147967639, 0.9406758398368952], [0.9303005029293383, 0.9401468522975875], [0.9044112697606689, 0.9264900036500857], [0.8822530914409884, 0.9124426843343432], [0.9228325757027653, 0.9361139762531969], [0.930277243450078, 0.9375115566061671], [0.9055682028031479, 0.921542593067976], [0.9066297709510707, 0.922524464480813], [0.8997770449390163, 0.9215339824647887], [0.8516015340020116, 0.8987639538522235], [0.8519143946327973, 0.8990122026444753], [0.9706898616642626, 0.9739691675064718], [0.8623649018389616, 0.9041535842305827], [0.8678691503748086, 0.9067356294641679], [0.9017637055851855, 0.9285424533051236], [0.8843880957634231, 0.9165991507096438], [0.9661737456740757, 0.9693143640639912], [0.9120621291508569, 0.932455499283293], [0.9315227300993881, 0.9388377130543397], [0.972955481076675, 0.9732086614814415], [0.9586505977024427, 0.964945266687022], [0.9217163288544513, 0.9368253641489525], [0.9714063521790535, 0.9719799390918984], [0.9341632472015942, 0.9414159100521544], [0.9253151643134314, 0.9361230201451575], [0.9282083836186384, 0.9383432608951809], [0.9277426028879148, 0.9375935774042061], [0.9698035523801795, 0.9704625154334031], [0.9069713544226359, 0.9267512626353436], [0.9163481945820782, 0.9323391749018657], [0.9311361735864581, 0.9402429143345925], [0.9144977182730066, 0.9355875883247748]]}