{"mse": [540.3897956251608, 454.26256595815653, 599.1855870627572, 599.1855870627572, 632.9622453603234, 661.3553027243281, 428.24997588734567, 427.5154697747878, 526.4303468303916, 713.7439226064172, 620.1125277295524, 739.3330798992895, 634.7512829941487, 803.4687602981128, 800.646455238876], "rmse": [23.246285630723047, 21.313436277572805, 24.47826764831934, 24.47826764831934, 25.15874093352693, 25.716829173215118, 20.694201503980423, 20.676447223224493, 22.94406997091823, 26.71598627425941, 24.90205870464433, 27.190680019067003, 25.194270836722954, 28.34552451972115, 28.29569676185543], "ssim": [[0.9513048530008796, 0.9518831290236542], [0.9544658402421587, 0.9546201176158], [0.9263591345574678, 0.92709423608935], [0.9263591345574678, 0.92709423608935], [0.9222663773913151, 0.9232308020337507], [0.9202720179347603, 0.9212657176764356], [0.945182911104629, 0.9461809288916527], [0.9466508479573715, 0.947729991024049], [0.9336406139478471, 0.9349386179521237], [0.9139575943954275, 0.9151355714935823], [0.9185780963893411, 0.9201696841785512], [0.9120750687055252, 0.9132957953443567], [0.917091150240925, 0.9185895277813444], [0.9029790809550787, 0.9043700500307656], [0.9023637221602143, 0.9037620556053622]]}