{"mse": [540.3646144788452, 454.26256595815653, 599.1855870627572, 599.1855870627572, 632.9622453603234, 661.3553027243281, 428.2485668041088, 427.37506128632975, 526.145665549447, 713.7439226064172, 620.0676636244534, 739.4591722527649, 634.8819298763825, 804.9012832955568, 802.1122223025977], "rmse": [23.24574400785755, 21.313436277572805, 24.47826764831934, 24.47826764831934, 25.15874093352693, 25.716829173215118, 20.694167458588634, 20.673051571703915, 22.937865322419324, 26.71598627425941, 24.901157877184215, 27.192998588842034, 25.196863492831454, 28.370782211556254, 28.321585801338838], "ssim": [[0.9513052837623241, 0.9518831858311644], [0.9544658402421587, 0.9546201176158], [0.9263591345574678, 0.92709423608935], [0.9263591345574678, 0.92709423608935], [0.9222663773913151, 0.9232308020337507], [0.9202720179347603, 0.9212657176764356], [0.9451598791418433, 0.9461585284854941], [0.9466349154342988, 0.9477140203739061], [0.9336756331825081, 0.9349726016124407], [0.9139575943954275, 0.9151355714935823], [0.918612876299913, 0.9202026046174455], [0.9118194534928742, 0.9130371353325412], [0.9170430367532093, 0.918536733179789], [0.9026729940142528, 0.9040686649983027], [0.9020757989673152, 0.9034793121272622]]}