{"mse": [540.0437463831018, 451.4864042305652, 597.0572233474794, 597.0572233474794, 631.0236007627636, 659.4166581267683, 425.75325721772117, 425.42834246600114, 523.2240143450199, 712.443632651749, 2802.0650411221227, 735.7227368766879, 631.8281239953061, 2260.783937556263, 2155.98580091186], "rmse": [23.238841330477342, 21.248209435869303, 24.43475441553443, 24.43475441553443, 25.12018313553394, 25.679109371759143, 20.633789211332978, 20.62591434254494, 22.8740904594045, 26.691639752022525, 52.93453542935956, 27.124209423994056, 25.136191517318334, 47.547701706352356, 46.432594165218255], "ssim": [[0.9513098542258513, 0.9518893221281177], [0.9544945230434383, 0.9546472120432911], [0.9264236192707143, 0.9271553011488028], [0.9264236192707143, 0.9271553011488028], [0.9223231468464643, 0.9232800266305382], [0.9203287873899093, 0.9213149422732235], [0.9452341756840943, 0.9462210226427643], [0.9466736822019033, 0.9477447790845297], [0.9337228385186497, 0.9350111126012831], [0.9139921294849603, 0.9151679370373706], [0.8691869379020405, 0.8860105718544634], [0.9121131264213771, 0.9133220382345465], [0.9172973931625302, 0.9187867488006706], [0.8547995339739435, 0.8613763079997507], [0.8507179404402087, 0.8556841833076808]]}