{"mse": [753.6436604315361, 1370.0734747741449, 809.2778779959973, 2567.009823394901, 3056.7908940570346, 1551.4022475505562, 1513.7296541943963, 0.0, 2359.7362336837705, 2823.6954084482704, 4071.917416921859, 4071.917416921859, 0.0, 3751.7418263125323, 4325.987310715664, 2702.757777586886, 2832.1496685012376, 0.0, 2294.956181027762, 2129.9733369301375, 0.0, 0.0, 1758.3398753978588, 0.0, 916.8737878367734, 1478.7510112244406, 1338.31663632491, 1352.3236342693062, 0.0, 2420.8625689220034, 1728.184713983732, 973.3420847198109, 0.0], "rmse": [27.452571107849554, 37.0145035732501, 28.447809722296675, 50.66566710697592, 55.28825276726544, 39.38784390583669, 38.90667878648082, 0.0, 48.577116358258344, 53.138455081496964, 63.81157745207259, 63.81157745207259, 0.0, 61.25146387077236, 65.77223814585956, 51.988054181579884, 53.21794498570231, 0.0, 47.90570092408378, 46.15163417399364, 0.0, 0.0, 41.93256342507406, 0.0, 30.279923841330472, 38.45453173846277, 36.583010214099524, 36.773953204262746, 0.0, 49.20226182729818, 41.571441086204025, 31.198430805407682, 0.0], "ssim": [[0.948109946425723, 0.9493135655424129], [0.9326560563625932, 0.9413434093884346], [0.954523409985059, 0.9572796966060304], [0.903734648422047, 0.9250463058712453], [0.8876229225250968, 0.9140608786351893], [0.9385191677326228, 0.949931021963621], [0.9272801835288286, 0.9339078749902053], [1.0, 1.0], [0.9072872801006745, 0.9256138542654789], [0.8917065533051453, 0.9140822831933304], [0.8643241884393766, 0.903541475732726], [0.8643241884393766, 0.903541475732726], [1.0, 1.0], [0.875293558063667, 0.9104766649822854], [0.8626161922825021, 0.9057205570113306], [0.9035678032086519, 0.9295571941488251], [0.8970876179266738, 0.9225870128705065], [1.0, 1.0], [0.9088793281125565, 0.9289407216421774], [0.9129240744753516, 0.9310888020337569], [1.0, 1.0], [1.0, 1.0], [0.9224869990754089, 0.9355936830202021], [1.0, 1.0], [0.9475302904296165, 0.9508528761595156], [0.9303536653433846, 0.9398847131979713], [0.9374220388484287, 0.9458139922610977], [0.9367933450453731, 0.9451870108640569], [1.0, 1.0], [0.9089262858148404, 0.9303515930572304], [0.9268803497026146, 0.9398875374210086], [0.9463503571467147, 0.9507278475354447], [1.0, 1.0]]}