{"mse": [570.4986680270223, 515.3083104263118, 684.1393540621785, 685.5593010545267, 680.6610830801504, 713.4333247432003, 435.39502028477045, 434.20998932010355, 544.4861206557034, 733.4732492705922, 659.9903097270447, 860.8914917996882, 716.3296395760996, 2102.072159378617, 885.964268562725], "rmse": [23.88511394209838, 22.700403309772092, 26.156057693432672, 26.18318737385742, 26.08948223097098, 26.710172682766398, 20.866121352200807, 20.837705951474206, 23.334226377913268, 27.082711261441165, 25.69027655995639, 29.34095246919718, 26.76433521640505, 45.848360487356764, 29.765151915666834], "ssim": [[0.9483543648162842, 0.9489992880576481], [0.9400762702266223, 0.9404125971187292], [0.9136015606790513, 0.9146789875796206], [0.9141709396485139, 0.9152558175839516], [0.910714489107084, 0.9117025583127955], [0.9096173665481484, 0.9106602165253275], [0.9341894984418124, 0.9352109674684662], [0.9370661490434192, 0.9381956307663546], [0.9270314131242602, 0.9285261549329826], [0.9029654599336573, 0.904252427759891], [0.9085291117323289, 0.9101281070987386], [0.9015115539181577, 0.9031844543973166], [0.9094778499240024, 0.9114158375362562], [0.8690330186602839, 0.8757252370477357], [0.8888067574920787, 0.8904793445596978]]}