{"mse": [1309.7763480983153, 0.0, 2287.7871987927597, 3014.7439060289676, 1553.025792502572, 1190.3209354102366, 0.0, 2359.7362336837705, 2698.4731420195153, 4052.9746643819926, 4052.9746643819926, 0.0, 3751.7418263125323, 4297.844216177984, 2702.757777586886, 2788.834251874759, 0.0, 2261.4775644310216, 2194.355291923868, 0.0, 0.0, 1944.7232821743185, 0.0, 876.0985496740773, 1530.4034770447531, 1156.1257361894773, 1170.1327341338736, 0.0, 2403.1843003010063, 1789.6889389728813, 972.9501945589795, 0.0], "rmse": [36.190832376422556, 0.0, 47.83081850431539, 54.90668361892719, 39.408448237688475, 34.501028034106994, 0.0, 48.577116358258344, 51.946829951591035, 63.66297718754592, 63.66297718754592, 0.0, 61.25146387077236, 65.55794548472355, 51.988054181579884, 52.8094144246531, 0.0, 47.55499515751234, 46.84394616088474, 0.0, 0.0, 44.099016793737235, 0.0, 29.598961969536656, 39.12037163735479, 34.00184901133286, 34.20720295689014, 0.0, 49.02228371160412, 42.30471532787901, 31.192149566180582, 0.0], "ssim": [[0.9347301916210556, 0.9425258640697745], [1.0, 1.0], [0.9168707394711213, 0.9358131646569896], [0.8919426874934737, 0.9183583977883163], [0.9384834662364019, 0.9499160999597247], [0.9357197435777493, 0.9407745856878095], [1.0, 1.0], [0.9072872801006745, 0.9256138542654789], [0.8967781944779204, 0.9180590682297638], [0.8639905315381438, 0.9028515244356357], [0.8639905315381438, 0.9028515244356357], [1.0, 1.0], [0.875293558063667, 0.9104766649822854], [0.8621884824523981, 0.9047061802331084], [0.9035678032086519, 0.9295571941488251], [0.8980095082415084, 0.9229520856312372], [1.0, 1.0], [0.9096814073967749, 0.9293286937434855], [0.9113517072094982, 0.9302962514155424], [1.0, 1.0], [1.0, 1.0], [0.9173372436190845, 0.9324941722521003], [1.0, 1.0], [0.9486169394924658, 0.9514872321656819], [0.9279721690189559, 0.937953325705917], [0.9500525983846282, 0.9584379249489765], [0.9494239045815727, 0.9578109435519356], [1.0, 1.0], [0.9132095652790008, 0.9353221993061576], [0.9235533987159645, 0.9371149596431649], [0.9465668015914583, 0.9510237209159981], [1.0, 1.0]]}