{"dirty_outlier_avg_mse": [2838.5242697187928, 3099.9748910608146, 3265.3570808756285, 3310.29517726909, 3438.2687567729777, 3587.7093654835385, 3348.394606681527, 3282.2344411008226, 3236.0847214220394], "dirty_outlier_avg_rmse": [52.596758773438275, 55.37974931205704, 56.94749295359584, 57.39485585881583, 58.47256875632018, 59.702909981155344, 57.68935716460364, 57.10599910865307, 56.685227948007245], "dirty_outlier_avg_ssim": [[0.7453318566659939, 0.7506967982080207], [0.7289395796857907, 0.7345635469670168], [0.7269075250208217, 0.73341042331297], [0.7289478836915145, 0.7364096282908018], [0.7217141287858445, 0.730410290937714], [0.7179556504201943, 0.7270841759553844], [0.7420584890460923, 0.7504949921943979], [0.7493803102024091, 0.7579821651632598], [0.7495323913217596, 0.7590003818881019]]}