{"dirty_avg_mse": [1662.5580602137634, 1044.644583647691, 1880.103954360997, 2177.850745713306, 2236.589100823045, 2247.5021268004116, 2307.8144329846823, 2413.674043695702, 2522.907931727252], "dirty_avg_rmse": [37.006679240722846, 28.28685703720871, 42.407921545008364, 45.22135154310744, 46.83663482189685, 46.98667522508711, 47.673339903114, 48.745627598511405, 49.87348375116814], "dirty_avg_ssim": [[0.8394926886526269, 0.842695854029537], [0.8735055021003691, 0.8749189600087852], [0.804044292182983, 0.80611808283001], [0.7971420742578238, 0.8010835330834049], [0.7888976441118521, 0.7920119342923544], [0.7966216185629483, 0.7999697773607127], [0.7996052432707653, 0.8037836470263987], [0.8055871137445879, 0.8109365804048381], [0.8132371600943902, 0.8195191322249311]]}