{"knn_cleaned_avg_mse": [1977.2336995027435, 1224.7485484110653, 1895.4822421410609, 2267.7761159407864, 2081.839545353223, 2363.081004658208, 2197.470170153178, 2288.886015546411, 1995.1601031092823], "knn_cleaned_avg_rmse": [43.19345036167936, 31.023882166089912, 43.01600674518401, 46.779181579275765, 45.16005213812595, 48.202197809242946, 46.46409411459232, 47.706276251440514, 44.599441167112374], "knn_cleaned_avg_ssim": [[0.8025875201421054, 0.805938361064747], [0.8591528455172365, 0.8606762545682423], [0.7967534271744106, 0.7988447869200181], [0.7868556461775468, 0.7908114899431583], [0.7982883137933826, 0.8023815288942086], [0.7944006131522621, 0.7998622467677741], [0.8112058893890443, 0.8161431171651246], [0.8217387475480359, 0.827438772145406], [0.8513579450340862, 0.8547196178922254]]}