{"outlier_mean_cleaned_avg_mse": [2650.187445101738, 3053.6621744112936, 1988.482889489026, 1562.585678612254, 1476.0668086133976, 292.5643387631459, 1851.6623617112484, 2510.155946130544, 2091.3355323502515], "outlier_mean_cleaned_avg_rmse": [49.357794618345984, 51.21604038633097, 34.444441439851666, 26.87111767953008, 26.133906380471768, 6.242849790268851, 36.25580761874243, 49.926664332745794, 45.59281447317306], "outlier_mean_cleaned_avg_ssim": [[0.7356511591708945, 0.7391891746227519], [0.729450134164139, 0.735332800962392], [0.8334670620781862, 0.8381641320678175], [0.8684454757966196, 0.8723642385470093], [0.8668456020308238, 0.869929143133268], [0.9751292887963878, 0.9761695982587159], [0.8379441786731141, 0.8428645760650014], [0.761118613082568, 0.7646806250087298], [0.8121041802099822, 0.8159063713343871]]}