{"outlier_median_cleaned_avg_mse": [2682.0563051554636, 3053.8023311328297, 2396.8598673411066, 1823.5998478509375, 1476.517890317787, 291.3480157464563, 1953.306665009145, 2515.959393118427, 2190.801948788294], "outlier_median_cleaned_avg_rmse": [49.626662100480075, 51.21686744605704, 39.90628142450921, 31.07904163021157, 26.137828828098534, 6.229843061766081, 38.93256512847292, 50.01767097388217, 46.69452541398949], "outlier_median_cleaned_avg_ssim": [[0.732203765442968, 0.7357357861935888], [0.7294921090352269, 0.7353822797916724], [0.8022325465814438, 0.8076537626336261], [0.8426579901244592, 0.8467286429599239], [0.8668247573862089, 0.8699075104195673], [0.9753889107817468, 0.9764324477660108], [0.8243766644728093, 0.8293277776184256], [0.762884837115695, 0.7664720703891194], [0.8098520677051831, 0.8141154288838338]]}