{"median_mode_cleaned_avg_mse": [1609.57123542524, 1837.2990562700047, 2004.4363457075901, 1950.790226680384, 1704.1718926611798, 1569.0535029435302, 1616.4982364254688, 1481.5597836648378, 1426.4021656950163], "median_mode_cleaned_avg_rmse": [37.09009560820295, 39.762464598617086, 44.03102850886178, 42.37480600551097, 40.417703606969376, 38.95235644920618, 40.083912579176406, 38.38728549941253, 37.63862957691632], "median_mode_cleaned_avg_ssim": [[0.8362200025298, 0.8386359086163002], [0.8222889149890603, 0.8250511048838867], [0.7994239560914743, 0.8019978342614877], [0.8074586836325556, 0.8099236381309111], [0.8177735934469275, 0.8192772442811032], [0.8379189735578297, 0.8394289247282726], [0.839311961952401, 0.8406890989489163], [0.8650808511306634, 0.866311910787379], [0.8916673630401919, 0.8926392149765864]]}