{"mse": [2203.0255731310012, 2693.1285489540464, 3348.579063786008, 3402.0099674211247, 4018.959431584362, 3741.0966833847738, 4194.416303583676, 3332.5499567043894, 4070.4797526577504], "rmse": [46.93639923482628, 51.895361536018285, 57.86690819273143, 58.32675173041205, 63.39526347909883, 61.16450509392497, 64.76431350353123, 57.728242279705604, 63.800311540444305], "ssim": [[0.7110028423130824, 0.7119575616425939], [0.6925970157550683, 0.6946171739617035], [0.6650727579092508, 0.6683921272931463], [0.6819180207397849, 0.686978942325996], [0.6731173866895863, 0.681909709118056], [0.6805492918632021, 0.6880471834884431], [0.6883161313828198, 0.6990840238926749], [0.7256441800244969, 0.7335676252882208], [0.6970532973120481, 0.710013831788745]]}