{"mse": [163.01817858367627, 324.5532724622771, 1849.4143754286695, 2816.5150925925927, 1188.897728909465, 1771.5324961419753, 1697.677416409465, 1836.7011745541838, 2422.259744084362], "rmse": [12.767857243236874, 18.01536212409501, 43.00481804901248, 53.07084974439916, 34.48039629861387, 42.08957704874183, 41.20288116636341, 42.856751796586074, 49.21645806114416], "ssim": [[0.9570443431835851, 0.9577931534017687], [0.9198965810548838, 0.9211258640960026], [0.7552429716028433, 0.7558284336986321], [0.7143139181767533, 0.7173975209096632], [0.7832140035815207, 0.7837177551673038], [0.748240086767043, 0.7489183415077159], [0.7613945709628114, 0.7622000820829522], [0.7623277051826962, 0.7632820690104798], [0.7459133041865844, 0.7475987771390409]]}