{"mse": [963.8976131687243, 279.96333033264744, 914.0385275205762, 1396.5948362482852, 2441.385359653635, 2289.1766443758574, 2602.1169080075447, 3226.7522676611798, 2966.084489883402], "rmse": [31.046700519841465, 16.73210477891671, 30.233070097503763, 37.37104275034729, 49.41037704423672, 47.845340884728344, 51.01094890322611, 56.804509219437676, 54.461770902931555], "ssim": [[0.802073314716804, 0.8026289670896369], [0.9369736755620433, 0.9385102574535847], [0.8547151994167275, 0.8561003595835951], [0.8039694048918922, 0.8050823040260173], [0.7318651613013113, 0.7335494695979727], [0.7567412402658169, 0.7583799508701875], [0.7605003947313675, 0.7648023658493326], [0.7523633447484999, 0.760370279569035], [0.7745840845937157, 0.7845466435993225]]}