{"mse": [2203.0255731310012, 2841.917689900549, 2895.2941109396434, 3873.5059357853224, 3393.033430641289, 3741.0966833847738, 4194.416303583676, 4142.940732596022, 3805.449438871742], "rmse": [46.93639923482628, 53.30963974649002, 53.8079372485105, 62.23749622040818, 58.2497504770732, 61.16450509392497, 64.76431350353123, 64.36567977265541, 61.688324980272746], "ssim": [[0.7110028423130824, 0.7119575616425939], [0.7002573544844185, 0.7028520292146114], [0.6969762285192675, 0.7010295631636915], [0.6778215499515001, 0.6855292246160479], [0.6891268523319772, 0.6964497642082397], [0.6805492918632021, 0.6880471834884431], [0.6883161313828198, 0.6990840238926749], [0.6944537152925269, 0.7055169529851383], [0.7159243727229786, 0.7307831694430503]]}