{"mse": [3915.135678583676, 3626.4178690843623, 3410.0716812414266, 3868.9664227537723, 3621.261006515775, 3720.36686771262, 3896.5939973422496, 4265.996123971194, 3806.5017476851854], "rmse": [62.571045049476965, 60.219746504650466, 58.39581903904959, 62.201016251776565, 60.17691423225168, 60.99481017031383, 62.422704181589644, 65.31459349924175, 61.696853628732036], "ssim": [[0.6970121686252557, 0.7088801957206787], [0.6571796735642459, 0.6606119866153665], [0.705003713864567, 0.7122924685030615], [0.6777212414853492, 0.6854102674476577], [0.6791669202452297, 0.6871004543804747], [0.6928514432787722, 0.7011969943251175], [0.7086268811089851, 0.7218498441973169], [0.6838616662928344, 0.6955169165509529], [0.7268023322073465, 0.7392297918797407]]}