{"mse": [2203.0255731310012, 2841.917689900549, 2895.2941109396434, 3402.0099674211247, 4018.959431584362, 3741.0966833847738, 4194.416303583676, 4152.366374314129, 3806.8615530692728], "rmse": [46.93639923482628, 53.30963974649002, 53.8079372485105, 58.32675173041205, 63.39526347909883, 61.16450509392497, 64.76431350353123, 64.43885764283945, 61.699769473388415], "ssim": [[0.7110028423130824, 0.7119575616425939], [0.7002573544844185, 0.7028520292146114], [0.6969762285192675, 0.7010295631636915], [0.6819180207397849, 0.686978942325996], [0.6731173866895863, 0.681909709118056], [0.6805492918632021, 0.6880471834884431], [0.6883161313828198, 0.6990840238926749], [0.6939332123656168, 0.7049908238318682], [0.7153061161772707, 0.7301474469415362]]}