{"mse": [177.6823602537723, 375.3508191872428, 2497.3869770233196, 812.8293968621399, 1638.5365873628257, 2325.4220246056243, 2496.866370456104, 2867.4076114540467, 3022.2982124485598], "rmse": [13.329754695933916, 19.37397272598583, 49.9738629387735, 28.510163045169346, 40.478841230485166, 48.22262979769586, 49.968653878767874, 53.548180281444175, 54.975432808196786], "ssim": [[0.9579454158309564, 0.9587634780316253], [0.9250458115532589, 0.9265743921218761], [0.7143096499792898, 0.7165120531968738], [0.8742957262285728, 0.87690185591259], [0.7805422265788968, 0.7817100741638175], [0.7510403379314938, 0.7532406232252302], [0.7662958046551666, 0.7688573294063855], [0.7546668973323718, 0.7592989389462985], [0.7487879271134465, 0.7549717835942588]]}