{"outlier_mode_cleaned_avg_mse": [2827.2119452446273, 2745.873326417467, 2397.0067324817105, 1836.2779661922725, 1476.5211887860085, 291.1208461362597, 1728.123710448102, 2475.4667743484224, 2090.289347365112], "outlier_mode_cleaned_avg_rmse": [50.94126349732303, 48.538602574213634, 39.90718601532775, 31.184960879358652, 26.137866037982164, 6.227407517721032, 33.3288816351665, 49.4541449341854, 45.41352855527521], "outlier_mode_cleaned_avg_ssim": [[0.7277166146495762, 0.7321737802464738], [0.7415459091611595, 0.7461701498311427], [0.802214911610701, 0.807637329981097], [0.8425356867198187, 0.8465810742559463], [0.8668611730983268, 0.8699440094184077], [0.9753839748446923, 0.9764234415445657], [0.852947664006781, 0.8582765748119605], [0.7668019141798673, 0.7705945786596347], [0.8127225269798495, 0.8167551771325688]]}